"file","caption","category","png_time","StartTime"
"bio1_sizeatage.png","Length at age in the beginning of the year (or season) in the ending year of the model. Shaded area indicates 95% distribution of length at age around estimated growth curve.","Bio",2019-07-15 15:26:45,"StartTime: Mon Jul 15 14:40:22 2019"
"bio2_sizeatage_plus_CV_and_SD.png","Length at age (top-left panel) with CV (thick line) and SD (thin line) of length at age shown in top-right and lower-left panels","Bio",2019-07-15 15:26:45,"StartTime: Mon Jul 15 14:40:22 2019"
"bio3_sizeatage_plus_WT_and_MAT.png","Length at age (top-left panel) with weight (thick line) and maturity (thin line) shown in top-right and lower-left panels","Bio",2019-07-15 15:26:45,"StartTime: Mon Jul 15 14:40:22 2019"
"bio1B_len_at_age_matrix_1.png","Distribution of length at age for seas: 1 sub_seas: 1 morph: 1","Bio",2019-07-15 15:26:45,"StartTime: Mon Jul 15 14:40:22 2019"
"bio1B_len_at_age_matrix_2.png","Distribution of length at age for seas: 1 sub_seas: 1 morph: 2","Bio",2019-07-15 15:26:45,"StartTime: Mon Jul 15 14:40:22 2019"
"bio1B_len_at_age_matrix_3.png","Distribution of length at age for seas: 1 sub_seas: 2 morph: 1","Bio",2019-07-15 15:26:45,"StartTime: Mon Jul 15 14:40:22 2019"
"bio1B_len_at_age_matrix_4.png","Distribution of length at age for seas: 1 sub_seas: 2 morph: 2","Bio",2019-07-15 15:26:45,"StartTime: Mon Jul 15 14:40:22 2019"
"bio5_weightatsize.png","Weight-length relationship","Bio",2019-07-15 15:26:45,"StartTime: Mon Jul 15 14:40:22 2019"
"bio6_maturity.png","Maturity at length","Bio",2019-07-15 15:26:45,"StartTime: Mon Jul 15 14:40:22 2019"
"bio7_fecundity.png","Fecundity","Bio",2019-07-15 15:26:45,"StartTime: Mon Jul 15 14:40:22 2019"
"bio8_fecundity_wt.png","Fecundity as a function of weight","Bio",2019-07-15 15:26:45,"StartTime: Mon Jul 15 14:40:22 2019"
"bio9_fecundity_len.png","Fecundity as a function of length","Bio",2019-07-15 15:26:45,"StartTime: Mon Jul 15 14:40:22 2019"
"bio10_spawningoutput_len.png","Spawning output at length. This is the product of maturity and fecundity unless maturity is age-based, in which case only fecundity is represented.","Bio",2019-07-15 15:26:45,"StartTime: Mon Jul 15 14:40:22 2019"
"bio11_spawningoutput_age.png","Spawning output at age. This is the product of maturity and fecundity. When these processes are length-based they are converted into the age dimension using the matrix of length at age.","Bio",2019-07-15 15:26:45,"StartTime: Mon Jul 15 14:40:22 2019"
"sel01_multiple_fleets_length1.png","Selectivity at length for multiple fleets.","Sel",2019-07-15 15:26:45,"StartTime: Mon Jul 15 14:40:22 2019"
"sel02_multiple_fleets_age1.png","Selectivity at age for multiple fleets.","Sel",2019-07-15 15:26:45,"StartTime: Mon Jul 15 14:40:22 2019"
"sel02_multiple_fleets_age2.png","Selectivity at age derived from selectivity at length for multiple fleets.","Sel",2019-07-15 15:26:45,"StartTime: Mon Jul 15 14:40:22 2019"
"sel03_len_timevary_surf_flt1sex1.png","Surface plot of Female time-varying selectivity for South.fixed","Sel",2019-07-15 15:26:45,"StartTime: Mon Jul 15 14:40:22 2019"
"sel04_len_timevary_contour_flt1sex1.png","Countour plot of Female time-varying selectivity for South.fixed","Sel",2019-07-15 15:26:45,"StartTime: Mon Jul 15 14:40:22 2019"
"sel09_len_flt1sex1.png","Female ending year selectivity for South.fixed","Sel",2019-07-15 15:26:45,"StartTime: Mon Jul 15 14:40:22 2019"
"sel03_len_timevary_surf_flt1sex2.png","Surface plot of Male time-varying selectivity for South.fixed","Sel",2019-07-15 15:26:45,"StartTime: Mon Jul 15 14:40:22 2019"
"sel04_len_timevary_contour_flt1sex2.png","Countour plot of Male time-varying selectivity for South.fixed","Sel",2019-07-15 15:26:45,"StartTime: Mon Jul 15 14:40:22 2019"
"sel09_len_flt1sex2.png","Male ending year selectivity for South.fixed","Sel",2019-07-15 15:26:45,"StartTime: Mon Jul 15 14:40:22 2019"
"sel09_len_flt2sex1.png","Female ending year selectivity for Central.fixed","Sel",2019-07-15 15:26:45,"StartTime: Mon Jul 15 14:40:22 2019"
"sel09_len_flt2sex2.png","Male ending year selectivity for Central.fixed","Sel",2019-07-15 15:26:45,"StartTime: Mon Jul 15 14:40:22 2019"
"sel03_len_timevary_surf_flt3sex1.png","Surface plot of Female time-varying selectivity for Central.trawl","Sel",2019-07-15 15:26:45,"StartTime: Mon Jul 15 14:40:22 2019"
"sel04_len_timevary_contour_flt3sex1.png","Countour plot of Female time-varying selectivity for Central.trawl","Sel",2019-07-15 15:26:45,"StartTime: Mon Jul 15 14:40:22 2019"
"sel09_len_flt3sex1.png","Female ending year selectivity for Central.trawl","Sel",2019-07-15 15:26:45,"StartTime: Mon Jul 15 14:40:22 2019"
"sel03_len_timevary_surf_flt3sex2.png","Surface plot of Male time-varying selectivity for Central.trawl","Sel",2019-07-15 15:26:45,"StartTime: Mon Jul 15 14:40:22 2019"
"sel04_len_timevary_contour_flt3sex2.png","Countour plot of Male time-varying selectivity for Central.trawl","Sel",2019-07-15 15:26:45,"StartTime: Mon Jul 15 14:40:22 2019"
"sel09_len_flt3sex2.png","Male ending year selectivity for Central.trawl","Sel",2019-07-15 15:26:45,"StartTime: Mon Jul 15 14:40:22 2019"
"sel09_len_flt4sex1.png","Female ending year selectivity for Triennial","Sel",2019-07-15 15:26:45,"StartTime: Mon Jul 15 14:40:22 2019"
"sel09_len_flt4sex2.png","Male ending year selectivity for Triennial","Sel",2019-07-15 15:26:45,"StartTime: Mon Jul 15 14:40:22 2019"
"sel09_len_flt5sex1.png","Female ending year selectivity for NWFSC.slope","Sel",2019-07-15 15:26:45,"StartTime: Mon Jul 15 14:40:22 2019"
"sel09_len_flt5sex2.png","Male ending year selectivity for NWFSC.slope","Sel",2019-07-15 15:26:45,"StartTime: Mon Jul 15 14:40:22 2019"
"sel09_len_flt6sex1.png","Female ending year selectivity for NWFSC.combo","Sel",2019-07-15 15:26:45,"StartTime: Mon Jul 15 14:40:22 2019"
"sel09_len_flt6sex2.png","Male ending year selectivity for NWFSC.combo","Sel",2019-07-15 15:26:45,"StartTime: Mon Jul 15 14:40:22 2019"
"sel03_len_timevary_surf_flt7sex1.png","Surface plot of Female time-varying selectivity for ghost.South","Sel",2019-07-15 15:26:45,"StartTime: Mon Jul 15 14:40:22 2019"
"sel04_len_timevary_contour_flt7sex1.png","Countour plot of Female time-varying selectivity for ghost.South","Sel",2019-07-15 15:26:45,"StartTime: Mon Jul 15 14:40:22 2019"
"sel09_len_flt7sex1.png","Female ending year selectivity for ghost.South","Sel",2019-07-15 15:26:45,"StartTime: Mon Jul 15 14:40:22 2019"
"sel03_len_timevary_surf_flt7sex2.png","Surface plot of Male time-varying selectivity for ghost.South","Sel",2019-07-15 15:26:45,"StartTime: Mon Jul 15 14:40:22 2019"
"sel04_len_timevary_contour_flt7sex2.png","Countour plot of Male time-varying selectivity for ghost.South","Sel",2019-07-15 15:26:45,"StartTime: Mon Jul 15 14:40:22 2019"
"sel09_len_flt7sex2.png","Male ending year selectivity for ghost.South","Sel",2019-07-15 15:26:45,"StartTime: Mon Jul 15 14:40:22 2019"
"sel09_len_flt8sex1.png","Female ending year selectivity for ghost.cenfix","Sel",2019-07-15 15:26:45,"StartTime: Mon Jul 15 14:40:22 2019"
"sel09_len_flt8sex2.png","Male ending year selectivity for ghost.cenfix","Sel",2019-07-15 15:26:45,"StartTime: Mon Jul 15 14:40:22 2019"
"sel03_len_timevary_surf_flt9sex1.png","Surface plot of Female time-varying selectivity for ghost.centrawl","Sel",2019-07-15 15:26:45,"StartTime: Mon Jul 15 14:40:22 2019"
"sel04_len_timevary_contour_flt9sex1.png","Countour plot of Female time-varying selectivity for ghost.centrawl","Sel",2019-07-15 15:26:45,"StartTime: Mon Jul 15 14:40:22 2019"
"sel09_len_flt9sex1.png","Female ending year selectivity for ghost.centrawl","Sel",2019-07-15 15:26:45,"StartTime: Mon Jul 15 14:40:22 2019"
"sel03_len_timevary_surf_flt9sex2.png","Surface plot of Male time-varying selectivity for ghost.centrawl","Sel",2019-07-15 15:26:45,"StartTime: Mon Jul 15 14:40:22 2019"
"sel04_len_timevary_contour_flt9sex2.png","Countour plot of Male time-varying selectivity for ghost.centrawl","Sel",2019-07-15 15:26:45,"StartTime: Mon Jul 15 14:40:22 2019"
"sel09_len_flt9sex2.png","Male ending year selectivity for ghost.centrawl","Sel",2019-07-15 15:26:45,"StartTime: Mon Jul 15 14:40:22 2019"
"sel09_len_flt10sex1.png","Female ending year selectivity for ghost.combo","Sel",2019-07-15 15:26:45,"StartTime: Mon Jul 15 14:40:22 2019"
"sel09_len_flt10sex2.png","Male ending year selectivity for ghost.combo","Sel",2019-07-15 15:26:45,"StartTime: Mon Jul 15 14:40:22 2019"
"sel21_agelen_contour_flt1sex1.png","Female ending year selectivity and growth for South.fixed","Sel",2019-07-15 15:26:45,"StartTime: Mon Jul 15 14:40:22 2019"
"sel21_agelen_contour_flt1sex2.png","Male ending year selectivity and growth for South.fixed","Sel",2019-07-15 15:26:45,"StartTime: Mon Jul 15 14:40:22 2019"
"sel21_agelen_contour_flt2sex1.png","Female ending year selectivity and growth for Central.fixed","Sel",2019-07-15 15:26:45,"StartTime: Mon Jul 15 14:40:22 2019"
"sel21_agelen_contour_flt2sex2.png","Male ending year selectivity and growth for Central.fixed","Sel",2019-07-15 15:26:45,"StartTime: Mon Jul 15 14:40:22 2019"
"sel21_agelen_contour_flt3sex1.png","Female ending year selectivity and growth for Central.trawl","Sel",2019-07-15 15:26:45,"StartTime: Mon Jul 15 14:40:22 2019"
"sel21_agelen_contour_flt3sex2.png","Male ending year selectivity and growth for Central.trawl","Sel",2019-07-15 15:26:45,"StartTime: Mon Jul 15 14:40:22 2019"
"sel21_agelen_contour_flt4sex1.png","Female ending year selectivity and growth for Triennial","Sel",2019-07-15 15:26:45,"StartTime: Mon Jul 15 14:40:22 2019"
"sel21_agelen_contour_flt4sex2.png","Male ending year selectivity and growth for Triennial","Sel",2019-07-15 15:26:45,"StartTime: Mon Jul 15 14:40:22 2019"
"sel21_agelen_contour_flt5sex1.png","Female ending year selectivity and growth for NWFSC.slope","Sel",2019-07-15 15:26:45,"StartTime: Mon Jul 15 14:40:22 2019"
"sel21_agelen_contour_flt5sex2.png","Male ending year selectivity and growth for NWFSC.slope","Sel",2019-07-15 15:26:45,"StartTime: Mon Jul 15 14:40:22 2019"
"sel21_agelen_contour_flt6sex1.png","Female ending year selectivity and growth for NWFSC.combo","Sel",2019-07-15 15:26:45,"StartTime: Mon Jul 15 14:40:22 2019"
"sel21_agelen_contour_flt6sex2.png","Male ending year selectivity and growth for NWFSC.combo","Sel",2019-07-15 15:26:45,"StartTime: Mon Jul 15 14:40:22 2019"
"sel21_agelen_contour_flt7sex1.png","Female ending year selectivity and growth for ghost.South","Sel",2019-07-15 15:26:45,"StartTime: Mon Jul 15 14:40:22 2019"
"sel21_agelen_contour_flt7sex2.png","Male ending year selectivity and growth for ghost.South","Sel",2019-07-15 15:26:45,"StartTime: Mon Jul 15 14:40:22 2019"
"sel21_agelen_contour_flt8sex1.png","Female ending year selectivity and growth for ghost.cenfix","Sel",2019-07-15 15:26:45,"StartTime: Mon Jul 15 14:40:22 2019"
"sel21_agelen_contour_flt8sex2.png","Male ending year selectivity and growth for ghost.cenfix","Sel",2019-07-15 15:26:45,"StartTime: Mon Jul 15 14:40:22 2019"
"sel21_agelen_contour_flt9sex1.png","Female ending year selectivity and growth for ghost.centrawl","Sel",2019-07-15 15:26:45,"StartTime: Mon Jul 15 14:40:22 2019"
"sel21_agelen_contour_flt9sex2.png","Male ending year selectivity and growth for ghost.centrawl","Sel",2019-07-15 15:26:45,"StartTime: Mon Jul 15 14:40:22 2019"
"sel21_agelen_contour_flt10sex1.png","Female ending year selectivity and growth for ghost.combo","Sel",2019-07-15 15:26:45,"StartTime: Mon Jul 15 14:40:22 2019"
"sel21_agelen_contour_flt10sex2.png","Male ending year selectivity and growth for ghost.combo","Sel",2019-07-15 15:26:45,"StartTime: Mon Jul 15 14:40:22 2019"
"ts1_Total_biomass_(mt).png","Total biomass (mt)","Timeseries",2019-07-15 15:26:45,"StartTime: Mon Jul 15 14:40:22 2019"
"ts1_Total_biomass_(mt)_with_forecast_forecast.png","Total biomass (mt) with forecast","Timeseries",2019-07-15 15:26:45,"StartTime: Mon Jul 15 14:40:22 2019"
"ts4_Summary_biomass_(mt).png","Summary biomass (mt)","Timeseries",2019-07-15 15:26:45,"StartTime: Mon Jul 15 14:40:22 2019"
"ts4_Summary_biomass_(mt)_with_forecast_forecast.png","Summary biomass (mt) with forecast","Timeseries",2019-07-15 15:26:45,"StartTime: Mon Jul 15 14:40:22 2019"
"ts7_Spawning_output.png","Spawning output","Timeseries",2019-07-15 15:26:45,"StartTime: Mon Jul 15 14:40:22 2019"
"ts7_Spawning_output_with_95_asymptotic_intervals_intervals.png","Spawning output with ~95% asymptotic intervals","Timeseries",2019-07-15 15:26:45,"StartTime: Mon Jul 15 14:40:22 2019"
"ts7_Spawning_output_with_forecast_forecast.png","Spawning output with forecast","Timeseries",2019-07-15 15:26:45,"StartTime: Mon Jul 15 14:40:22 2019"
"ts7_Spawning_output_with_forecast_with_95_asymptotic_intervals_forecast_intervals.png","Spawning output with forecast with ~95% asymptotic intervals","Timeseries",2019-07-15 15:26:45,"StartTime: Mon Jul 15 14:40:22 2019"
"ts9_Fraction_of_unfished.png","Fraction of unfished","Timeseries",2019-07-15 15:26:45,"StartTime: Mon Jul 15 14:40:22 2019"
"ts9_Fraction_of_unfished_with_95_asymptotic_intervals_intervals.png","Fraction of unfished with ~95% asymptotic intervals","Timeseries",2019-07-15 15:26:45,"StartTime: Mon Jul 15 14:40:22 2019"
"ts9_Fraction_of_unfished_with_forecast_forecast.png","Fraction of unfished with forecast","Timeseries",2019-07-15 15:26:45,"StartTime: Mon Jul 15 14:40:22 2019"
"ts9_Fraction_of_unfished_with_forecast_with_95_asymptotic_intervals_forecast_intervals.png","Fraction of unfished with forecast with ~95% asymptotic intervals","Timeseries",2019-07-15 15:26:45,"StartTime: Mon Jul 15 14:40:22 2019"
"ts11_Age-0_recruits_(1000s).png","Age-0 recruits (1,000s)","Timeseries",2019-07-15 15:26:45,"StartTime: Mon Jul 15 14:40:22 2019"
"ts11_Age-0_recruits_(1000s)_with_95_asymptotic_intervals.png","Age-0 recruits (1,000s) with ~95% asymptotic intervals","Timeseries",2019-07-15 15:26:45,"StartTime: Mon Jul 15 14:40:22 2019"
"ts11_Age-0_recruits_(1000s)_with_forecast_forecast.png","Age-0 recruits (1,000s) with forecast","Timeseries",2019-07-15 15:26:45,"StartTime: Mon Jul 15 14:40:22 2019"
"ts11_Age-0_recruits_(1000s)_with_forecast_with_95_asymptotic_intervals_forecast.png","Age-0 recruits (1,000s) with forecast with ~95% asymptotic intervals","Timeseries",2019-07-15 15:26:45,"StartTime: Mon Jul 15 14:40:22 2019"
"ts_summaryF.png","Summary F (definition of F depends on setting in starter.ss)","Timeseries",2019-07-15 15:26:45,"StartTime: Mon Jul 15 14:40:22 2019"
"SR_curve.png","Stock-recruit curve.  Point colors indicate year, with warmer colors indicating earlier years and cooler colors in showing later years.","S-R",2019-07-15 15:26:45,"StartTime: Mon Jul 15 14:40:22 2019"
"SR_curve2.png","Stock-recruit curve with labels on first, last, and years with (log) deviations > 0.5. Point colors indicate year, with warmer colors indicating earlier years and cooler colors in showing later years.","S-R",2019-07-15 15:26:45,"StartTime: Mon Jul 15 14:40:22 2019"
"SR_resids.png","Deviations around the stock-recruit curve. Labels are on first, last, and years with (log) deviations > 0.5. Point colors indicate year, with warmer colors indicating earlier years and cooler colors in showing later years.","S-R",2019-07-15 15:26:45,"StartTime: Mon Jul 15 14:40:22 2019"
"catch1 landings.png","landings","Catch",2019-07-15 15:26:45,"StartTime: Mon Jul 15 14:40:22 2019"
"catch2 landings stacked.png","landings stacked","Catch",2019-07-15 15:26:45,"StartTime: Mon Jul 15 14:40:22 2019"
"catch9 harvest rate.png","harvest rate","Catch",2019-07-15 15:26:45,"StartTime: Mon Jul 15 14:40:22 2019"
"SPR1_series.png","Timeseries of SPR","SPR",2019-07-15 15:26:45,"StartTime: Mon Jul 15 14:40:22 2019"
"SPR2_minusSPRseries.png","Timeseries of 1-SPR","SPR",2019-07-15 15:26:45,"StartTime: Mon Jul 15 14:40:22 2019"
"SPR3_ratiointerval.png","Timeseries of SPR ratio","SPR",2019-07-15 15:26:45,"StartTime: Mon Jul 15 14:40:22 2019"
"SPR4_phase.png","Phase plot of biomass ratio vs. SPR ratio","SPR",2019-07-15 15:26:45,"StartTime: Mon Jul 15 14:40:22 2019"
"index1_cpuedata_Triennial.png","Index data for Triennial. Lines indicate 95% uncertainty interval around index values. Thicker lines (if present) indicate input uncertainty before addition of estimated additional uncertainty parameter.","Index",2019-07-15 15:26:45,"StartTime: Mon Jul 15 14:40:22 2019"
"index2_cpuefit_Triennial.png","Fit to index data for Triennial. Lines indicate 95% uncertainty interval around index values. Thicker lines (if present) indicate input uncertainty before addition of estimated additional uncertainty parameter.","Index",2019-07-15 15:26:45,"StartTime: Mon Jul 15 14:40:22 2019"
"index3_obs_vs_exp_Triennial.png","Observed vs. expected index values with smoother for Triennial","Index",2019-07-15 15:26:45,"StartTime: Mon Jul 15 14:40:22 2019"
"index1_cpuedata_NWFSC.slope.png","Index data for NWFSC.slope. Lines indicate 95% uncertainty interval around index values. Thicker lines (if present) indicate input uncertainty before addition of estimated additional uncertainty parameter.","Index",2019-07-15 15:26:45,"StartTime: Mon Jul 15 14:40:22 2019"
"index2_cpuefit_NWFSC.slope.png","Fit to index data for NWFSC.slope. Lines indicate 95% uncertainty interval around index values. Thicker lines (if present) indicate input uncertainty before addition of estimated additional uncertainty parameter.","Index",2019-07-15 15:26:45,"StartTime: Mon Jul 15 14:40:22 2019"
"index3_obs_vs_exp_NWFSC.slope.png","Observed vs. expected index values with smoother for NWFSC.slope","Index",2019-07-15 15:26:45,"StartTime: Mon Jul 15 14:40:22 2019"
"index1_cpuedata_NWFSC.combo.png","Index data for NWFSC.combo. Lines indicate 95% uncertainty interval around index values. Thicker lines (if present) indicate input uncertainty before addition of estimated additional uncertainty parameter.","Index",2019-07-15 15:26:45,"StartTime: Mon Jul 15 14:40:22 2019"
"index2_cpuefit_NWFSC.combo.png","Fit to index data for NWFSC.combo. Lines indicate 95% uncertainty interval around index values. Thicker lines (if present) indicate input uncertainty before addition of estimated additional uncertainty parameter.","Index",2019-07-15 15:26:45,"StartTime: Mon Jul 15 14:40:22 2019"
"index3_obs_vs_exp_NWFSC.combo.png","Observed vs. expected index values with smoother for NWFSC.combo","Index",2019-07-15 15:26:45,"StartTime: Mon Jul 15 14:40:22 2019"
"index9_standcpueall.png","Standardized indices overlaid","Index",2019-07-15 15:26:45,"StartTime: Mon Jul 15 14:40:22 2019"
"numbers1_sex1_beg.png","Beginning of year expected numbers at age of females in (max ~ 1.3 million)","Numbers",2019-07-15 15:26:45,"StartTime: Mon Jul 15 14:40:22 2019"
"numbers1_sex2_beg.png","Beginning of year expected numbers at age of males in (max ~ 1.3 million)","Numbers",2019-07-15 15:26:45,"StartTime: Mon Jul 15 14:40:22 2019"
"numbers2_meanage_beg.png","Beginning of year mean age in the population","Numbers",2019-07-15 15:26:45,"StartTime: Mon Jul 15 14:40:22 2019"
"numbers1_sex1_mid.png","Middle of year expected numbers at age of females in (max ~ 1.2 million)","Numbers",2019-07-15 15:26:45,"StartTime: Mon Jul 15 14:40:22 2019"
"numbers1_sex2_mid.png","Middle of year expected numbers at age of males in (max ~ 1.2 million)","Numbers",2019-07-15 15:26:45,"StartTime: Mon Jul 15 14:40:22 2019"
"numbers2_meanage_mid.png","Middle of year mean age in the population","Numbers",2019-07-15 15:26:45,"StartTime: Mon Jul 15 14:40:22 2019"
"numbers3_frac_female_age.png","Fraction female in numbers at age","Numbers",2019-07-15 15:26:45,"StartTime: Mon Jul 15 14:40:22 2019"
"numbers6_len_sex1.png","Beginning of year expected numbers at length of females in (max ~ 3.4 million)","Numbers",2019-07-15 15:26:45,"StartTime: Mon Jul 15 14:40:22 2019"
"numbers6_len_sex2.png","Beginning of year expected numbers at length of males in (max ~ 3.4 million)","Numbers",2019-07-15 15:26:45,"StartTime: Mon Jul 15 14:40:22 2019"
"numbers7_meanlen.png","Beginning of year mean length (cm) in the population","Numbers",2019-07-15 15:26:45,"StartTime: Mon Jul 15 14:40:22 2019"
"numbers6_len_sex1.png","Middle of year expected numbers at length of females in (max ~ 2.7 million)","Numbers",2019-07-15 15:26:45,"StartTime: Mon Jul 15 14:40:22 2019"
"numbers6_len_sex2.png","Middle of year expected numbers at length of males in (max ~ 2.8 million)","Numbers",2019-07-15 15:26:45,"StartTime: Mon Jul 15 14:40:22 2019"
"numbers7_meanlen.png","Middle of year mean length (cm) in the population","Numbers",2019-07-15 15:26:45,"StartTime: Mon Jul 15 14:40:22 2019"
"numbers8_frac_female_len.png","Middle of year mean length (cm) in the population","Numbers",2019-07-15 15:26:45,"StartTime: Mon Jul 15 14:40:22 2019"
"numbers4_equilagecomp.png","Equilibrium age distribution","Numbers",2019-07-15 15:26:45,"StartTime: Mon Jul 15 14:40:22 2019"
"numbers5_ageerrorSD.png","Ageing imprecision: SD of observed age (yr)","Numbers",2019-07-15 15:26:45,"StartTime: Mon Jul 15 14:40:22 2019"
"numbers5_ageerror_matrix_1.png","Ageing imprecision: matrix for method 1 <br>(White = 1.0, Orange = 0.5, Red = 0.0)","Numbers",2019-07-15 15:26:45,"StartTime: Mon Jul 15 14:40:22 2019"
"numbers10_ageerror_matrix_1.png","Distribution of observed age at true age 
 for ageing error type 1","Numbers",2019-07-15 15:26:45,"StartTime: Mon Jul 15 14:40:22 2019"
"comp_lendat_flt1mkt0_page1.png","Length comp data, whole catch, South.fixed (plot 1 of 2).<br><br>'N adj.' is the input sample size after data-weighting adjustment. N eff. is the calculated effective sample size used in the McAllister-Iannelli tuning method.","CompDat",2019-07-15 15:26:45,"StartTime: Mon Jul 15 14:40:22 2019"
"comp_lendat_flt1mkt0_page2.png","Length comp data, whole catch, South.fixed (plot 2 of 2)","CompDat",2019-07-15 15:26:45,"StartTime: Mon Jul 15 14:40:22 2019"
"comp_lendat_bubflt1mkt0_page2.png","Length comp data, whole catch, South.fixed (max=0.28) (plot 2 of 2)","CompDat",2019-07-15 15:26:45,"StartTime: Mon Jul 15 14:40:22 2019"
"comp_lendat_data_weighting_TA1.8_South.fixed.png","Mean length for South.fixed with 95% confidence intervals based on current samples sizes.","CompDat",2019-07-15 15:26:45,"StartTime: Mon Jul 15 14:40:22 2019"
"comp_lendat_flt2mkt0_page1.png","Length comp data, whole catch, Central.fixed (plot 1 of 2).<br><br>'N adj.' is the input sample size after data-weighting adjustment. N eff. is the calculated effective sample size used in the McAllister-Iannelli tuning method.","CompDat",2019-07-15 15:26:45,"StartTime: Mon Jul 15 14:40:22 2019"
"comp_lendat_flt2mkt0_page2.png","Length comp data, whole catch, Central.fixed (plot 2 of 2)","CompDat",2019-07-15 15:26:45,"StartTime: Mon Jul 15 14:40:22 2019"
"comp_lendat_bubflt2mkt0_page2.png","Length comp data, whole catch, Central.fixed (max=0.39) (plot 2 of 2)","CompDat",2019-07-15 15:26:45,"StartTime: Mon Jul 15 14:40:22 2019"
"comp_lendat_data_weighting_TA1.8_Central.fixed.png","Mean length for Central.fixed with 95% confidence intervals based on current samples sizes.","CompDat",2019-07-15 15:26:45,"StartTime: Mon Jul 15 14:40:22 2019"
"comp_lendat_flt3mkt0_page1.png","Length comp data, whole catch, Central.trawl (plot 1 of 3).<br><br>'N adj.' is the input sample size after data-weighting adjustment. N eff. is the calculated effective sample size used in the McAllister-Iannelli tuning method.","CompDat",2019-07-15 15:26:45,"StartTime: Mon Jul 15 14:40:22 2019"
"comp_lendat_flt3mkt0_page2.png","Length comp data, whole catch, Central.trawl (plot 2 of 3)","CompDat",2019-07-15 15:26:45,"StartTime: Mon Jul 15 14:40:22 2019"
"comp_lendat_flt3mkt0_page3.png","Length comp data, whole catch, Central.trawl (plot 3 of 3)","CompDat",2019-07-15 15:26:45,"StartTime: Mon Jul 15 14:40:22 2019"
"comp_lendat_bubflt3mkt0_page3.png","Length comp data, whole catch, Central.trawl (max=0.28) (plot 3 of 3)","CompDat",2019-07-15 15:26:45,"StartTime: Mon Jul 15 14:40:22 2019"
"comp_lendat_data_weighting_TA1.8_Central.trawl.png","Mean length for Central.trawl with 95% confidence intervals based on current samples sizes.","CompDat",2019-07-15 15:26:45,"StartTime: Mon Jul 15 14:40:22 2019"
"comp_lendat_flt4mkt0.png","Length comp data, whole catch, Triennial.<br><br>'N adj.' is the input sample size after data-weighting adjustment. N eff. is the calculated effective sample size used in the McAllister-Iannelli tuning method.","CompDat",2019-07-15 15:26:45,"StartTime: Mon Jul 15 14:40:22 2019"
"comp_lendat_bubflt4mkt0.png","Length comp data, whole catch, Triennial (max=0.16)","CompDat",2019-07-15 15:26:45,"StartTime: Mon Jul 15 14:40:22 2019"
"comp_lendat_data_weighting_TA1.8_Triennial.png","Mean length for Triennial with 95% confidence intervals based on current samples sizes.","CompDat",2019-07-15 15:26:45,"StartTime: Mon Jul 15 14:40:22 2019"
"comp_lendat_flt6mkt0.png","Length comp data, whole catch, NWFSC.combo.<br><br>'N adj.' is the input sample size after data-weighting adjustment. N eff. is the calculated effective sample size used in the McAllister-Iannelli tuning method.","CompDat",2019-07-15 15:26:45,"StartTime: Mon Jul 15 14:40:22 2019"
"comp_lendat_bubflt6mkt0.png","Length comp data, whole catch, NWFSC.combo (max=0.12)","CompDat",2019-07-15 15:26:45,"StartTime: Mon Jul 15 14:40:22 2019"
"comp_lendat_data_weighting_TA1.8_NWFSC.combo.png","Mean length for NWFSC.combo with 95% confidence intervals based on current samples sizes.","CompDat",2019-07-15 15:26:45,"StartTime: Mon Jul 15 14:40:22 2019"
"comp_lendat_flt7mkt0_page1.png","Length comp data, whole catch, ghost.South (plot 1 of 2).<br><br>'N adj.' is the input sample size after data-weighting adjustment. N eff. is the calculated effective sample size used in the McAllister-Iannelli tuning method.","CompDat",2019-07-15 15:26:45,"StartTime: Mon Jul 15 14:40:22 2019"
"comp_lendat_flt7mkt0_page2.png","Length comp data, whole catch, ghost.South (plot 2 of 2)","CompDat",2019-07-15 15:26:45,"StartTime: Mon Jul 15 14:40:22 2019"
"comp_lendat_bubflt7mkt0_page2.png","Length comp data, whole catch, ghost.South (max=0.28) (plot 2 of 2)","CompDat",2019-07-15 15:26:45,"StartTime: Mon Jul 15 14:40:22 2019"
"comp_lendat_data_weighting_TA1.8_ghost.South.png","Mean length for ghost.South with 95% confidence intervals based on current samples sizes.","CompDat",2019-07-15 15:26:45,"StartTime: Mon Jul 15 14:40:22 2019"
"comp_lendat_flt8mkt0_page1.png","Length comp data, whole catch, ghost.cenfix (plot 1 of 2).<br><br>'N adj.' is the input sample size after data-weighting adjustment. N eff. is the calculated effective sample size used in the McAllister-Iannelli tuning method.","CompDat",2019-07-15 15:26:45,"StartTime: Mon Jul 15 14:40:22 2019"
"comp_lendat_flt8mkt0_page2.png","Length comp data, whole catch, ghost.cenfix (plot 2 of 2)","CompDat",2019-07-15 15:26:45,"StartTime: Mon Jul 15 14:40:22 2019"
"comp_lendat_bubflt8mkt0_page2.png","Length comp data, whole catch, ghost.cenfix (max=0.4) (plot 2 of 2)","CompDat",2019-07-15 15:26:45,"StartTime: Mon Jul 15 14:40:22 2019"
"comp_lendat_data_weighting_TA1.8_ghost.cenfix.png","Mean length for ghost.cenfix with 95% confidence intervals based on current samples sizes.","CompDat",2019-07-15 15:26:45,"StartTime: Mon Jul 15 14:40:22 2019"
"comp_lendat_flt9mkt0_page1.png","Length comp data, whole catch, ghost.centrawl (plot 1 of 2).<br><br>'N adj.' is the input sample size after data-weighting adjustment. N eff. is the calculated effective sample size used in the McAllister-Iannelli tuning method.","CompDat",2019-07-15 15:26:45,"StartTime: Mon Jul 15 14:40:22 2019"
"comp_lendat_flt9mkt0_page2.png","Length comp data, whole catch, ghost.centrawl (plot 2 of 2)","CompDat",2019-07-15 15:26:45,"StartTime: Mon Jul 15 14:40:22 2019"
"comp_lendat_bubflt9mkt0_page2.png","Length comp data, whole catch, ghost.centrawl (max=0.22) (plot 2 of 2)","CompDat",2019-07-15 15:26:45,"StartTime: Mon Jul 15 14:40:22 2019"
"comp_lendat_data_weighting_TA1.8_ghost.centrawl.png","Mean length for ghost.centrawl with 95% confidence intervals based on current samples sizes.","CompDat",2019-07-15 15:26:45,"StartTime: Mon Jul 15 14:40:22 2019"
"comp_lendat__aggregated_across_time.png","Length comp data, aggregated across time by fleet.
 <br> Labels 'retained' and 'discard' indicate discarded or retained sampled for each fleet. Panels without this designation represent the whole catch.
","CompDat",2019-07-15 15:26:45,"StartTime: Mon Jul 15 14:40:22 2019"
"comp_lendat__page1_multi-fleet_comparison.png","Length comp data,  comparing across fleets (plot 1 of 2)","CompDat",2019-07-15 15:26:45,"StartTime: Mon Jul 15 14:40:22 2019"
"comp_lendat__page2_multi-fleet_comparison.png","Length comp data,  comparing across fleets (plot 2 of 2)","CompDat",2019-07-15 15:26:45,"StartTime: Mon Jul 15 14:40:22 2019"
"comp_condAALdat_bubflt1mkt0.png","Conditional age-at-length data, whole catch, South.fixed (max=1)","CompDat",2019-07-15 15:26:45,"StartTime: Mon Jul 15 14:40:22 2019"
"comp_condAALdat_data_weighting_TA1.8_condAgeSouth.fixed.png","Mean age from conditional data (aggregated across length bins) for South.fixed with 95% confidence intervals  based on current samples sizes.","CompDat",2019-07-15 15:26:45,"StartTime: Mon Jul 15 14:40:22 2019"
"comp_condAALdat_Andre_plotsflt1mkt0.png","Conditional AAL plot, whole catch, South.fixed
These plots show mean age and std. dev. in conditional A@L.<br>Left plots are mean A@L by size-class (obs. and pred.) with 90% CIs based on adding 1.64 SE of mean to the data.<br>Right plots in each pair are SE of mean A@L (obs. and pred.) with 90% CIs based on the chi-square distribution.","CompDat",2019-07-15 15:26:45,"StartTime: Mon Jul 15 14:40:22 2019"
"comp_condAALdat_bubflt2mkt0.png","Conditional age-at-length data, whole catch, Central.fixed (max=1)","CompDat",2019-07-15 15:26:45,"StartTime: Mon Jul 15 14:40:22 2019"
"comp_condAALdat_data_weighting_TA1.8_condAgeCentral.fixed.png","Mean age from conditional data (aggregated across length bins) for Central.fixed with 95% confidence intervals  based on current samples sizes.","CompDat",2019-07-15 15:26:45,"StartTime: Mon Jul 15 14:40:22 2019"
"comp_condAALdat_Andre_plotsflt2mkt0.png","Conditional AAL plot, whole catch, Central.fixed
These plots show mean age and std. dev. in conditional A@L.<br>Left plots are mean A@L by size-class (obs. and pred.) with 90% CIs based on adding 1.64 SE of mean to the data.<br>Right plots in each pair are SE of mean A@L (obs. and pred.) with 90% CIs based on the chi-square distribution.","CompDat",2019-07-15 15:26:45,"StartTime: Mon Jul 15 14:40:22 2019"
"comp_condAALdat_bubflt3mkt0_page1.png","Conditional age-at-length data, whole catch, Central.trawl (max=1) (plot 1 of 3)","CompDat",2019-07-15 15:26:45,"StartTime: Mon Jul 15 14:40:22 2019"
"comp_condAALdat_bubflt3mkt0_page2.png","Conditional age-at-length data, whole catch, Central.trawl (max=1) (plot 1 of 3) (plot 2 of 3)","CompDat",2019-07-15 15:26:45,"StartTime: Mon Jul 15 14:40:22 2019"
"comp_condAALdat_bubflt3mkt0_page3.png","Conditional age-at-length data, whole catch, Central.trawl (max=1) (plot 1 of 3) (plot 2 of 3) (plot 3 of 3)","CompDat",2019-07-15 15:26:45,"StartTime: Mon Jul 15 14:40:22 2019"
"comp_condAALdat_data_weighting_TA1.8_condAgeCentral.trawl.png","Mean age from conditional data (aggregated across length bins) for Central.trawl with 95% confidence intervals  based on current samples sizes.","CompDat",2019-07-15 15:26:45,"StartTime: Mon Jul 15 14:40:22 2019"
"comp_condAALdat_Andre_plotsflt3mkt0_page1.png","Conditional AAL plot, whole catch, Central.trawl (plot 1 of 4)
These plots show mean age and std. dev. in conditional A@L.<br>Left plots are mean A@L by size-class (obs. and pred.) with 90% CIs based on adding 1.64 SE of mean to the data.<br>Right plots in each pair are SE of mean A@L (obs. and pred.) with 90% CIs based on the chi-square distribution.","CompDat",2019-07-15 15:26:45,"StartTime: Mon Jul 15 14:40:22 2019"
"comp_condAALdat_Andre_plotsflt3mkt0_page2.png","Conditional AAL plot, whole catch, Central.trawl (plot 2 of 4)","CompDat",2019-07-15 15:26:45,"StartTime: Mon Jul 15 14:40:22 2019"
"comp_condAALdat_Andre_plotsflt3mkt0_page3.png","Conditional AAL plot, whole catch, Central.trawl (plot 3 of 4)","CompDat",2019-07-15 15:26:45,"StartTime: Mon Jul 15 14:40:22 2019"
"comp_condAALdat_Andre_plotsflt3mkt0_page4.png","Conditional AAL plot, whole catch, Central.trawl (plot 4 of 4)","CompDat",2019-07-15 15:26:45,"StartTime: Mon Jul 15 14:40:22 2019"
"comp_condAALdat_bubflt6mkt0_page1.png","Conditional age-at-length data, whole catch, NWFSC.combo (max=1) (plot 1 of 3)","CompDat",2019-07-15 15:26:45,"StartTime: Mon Jul 15 14:40:22 2019"
"comp_condAALdat_bubflt6mkt0_page2.png","Conditional age-at-length data, whole catch, NWFSC.combo (max=1) (plot 1 of 3) (plot 2 of 3)","CompDat",2019-07-15 15:26:45,"StartTime: Mon Jul 15 14:40:22 2019"
"comp_condAALdat_bubflt6mkt0_page3.png","Conditional age-at-length data, whole catch, NWFSC.combo (max=1) (plot 1 of 3) (plot 2 of 3) (plot 3 of 3)","CompDat",2019-07-15 15:26:45,"StartTime: Mon Jul 15 14:40:22 2019"
"comp_condAALdat_data_weighting_TA1.8_condAgeNWFSC.combo.png","Mean age from conditional data (aggregated across length bins) for NWFSC.combo with 95% confidence intervals  based on current samples sizes.","CompDat",2019-07-15 15:26:45,"StartTime: Mon Jul 15 14:40:22 2019"
"comp_condAALdat_Andre_plotsflt6mkt0_page1.png","Conditional AAL plot, whole catch, NWFSC.combo (plot 1 of 4)
These plots show mean age and std. dev. in conditional A@L.<br>Left plots are mean A@L by size-class (obs. and pred.) with 90% CIs based on adding 1.64 SE of mean to the data.<br>Right plots in each pair are SE of mean A@L (obs. and pred.) with 90% CIs based on the chi-square distribution.","CompDat",2019-07-15 15:26:45,"StartTime: Mon Jul 15 14:40:22 2019"
"comp_condAALdat_Andre_plotsflt6mkt0_page2.png","Conditional AAL plot, whole catch, NWFSC.combo (plot 2 of 4)","CompDat",2019-07-15 15:26:45,"StartTime: Mon Jul 15 14:40:22 2019"
"comp_condAALdat_Andre_plotsflt6mkt0_page3.png","Conditional AAL plot, whole catch, NWFSC.combo (plot 3 of 4)","CompDat",2019-07-15 15:26:45,"StartTime: Mon Jul 15 14:40:22 2019"
"comp_condAALdat_Andre_plotsflt6mkt0_page4.png","Conditional AAL plot, whole catch, NWFSC.combo (plot 4 of 4)","CompDat",2019-07-15 15:26:45,"StartTime: Mon Jul 15 14:40:22 2019"
"comp_lenfit_flt1mkt0_page1.png","Length comps, whole catch, South.fixed (plot 1 of 2).<br><br>'N adj.' is the input sample size after data-weighting adjustment. N eff. is the calculated effective sample size used in the McAllister-Iannelli tuning method.","LenComp",2019-07-15 15:26:45,"StartTime: Mon Jul 15 14:40:22 2019"
"comp_lenfit_flt1mkt0_page2.png","Length comps, whole catch, South.fixed (plot 2 of 2)","LenComp",2019-07-15 15:26:45,"StartTime: Mon Jul 15 14:40:22 2019"
"comp_lenfit_residsflt1mkt0_page2.png","Pearson residuals, whole catch, South.fixed (max=3.49) (plot 2 of 2) <br> 
Closed bubbles are positive residuals (observed > expected) and open bubbles are negative residuals (observed < expected).","LenComp",2019-07-15 15:26:45,"StartTime: Mon Jul 15 14:40:22 2019"
"comp_lenfit_sampsize_flt1mkt0.png","N-EffN comparison, Length comps, whole catch, South.fixed","LenComp",2019-07-15 15:26:45,"StartTime: Mon Jul 15 14:40:22 2019"
"comp_lenfit_data_weighting_TA1.8_South.fixed.png","Mean length for South.fixed with 95% confidence intervals based on current samples sizes.<br>Francis data weighting method TA1.8: thinner intervals (with capped ends) show result of further adjusting sample sizes based on suggested multiplier (with 95% interval) for len data from South.fixed:<br>0.998 (0.5899-1.9874) <br><br>For more info, see<br> <blockquote>Francis, R.I.C.C. (2011). Data weighting in statistical fisheries stock assessment models. <i>Can. J. Fish. Aquat. Sci.</i> 68: 1124-1138.  <a href=https://doi.org/10.1139/f2011-025> https://doi.org/10.1139/f2011-025</a> </blockquote>","LenComp",2019-07-15 15:26:45,"StartTime: Mon Jul 15 14:40:22 2019"
"comp_lenfit_flt2mkt0_page1.png","Length comps, whole catch, Central.fixed (plot 1 of 2).<br><br>'N adj.' is the input sample size after data-weighting adjustment. N eff. is the calculated effective sample size used in the McAllister-Iannelli tuning method.","LenComp",2019-07-15 15:26:45,"StartTime: Mon Jul 15 14:40:22 2019"
"comp_lenfit_flt2mkt0_page2.png","Length comps, whole catch, Central.fixed (plot 2 of 2)","LenComp",2019-07-15 15:26:45,"StartTime: Mon Jul 15 14:40:22 2019"
"comp_lenfit_residsflt2mkt0_page2.png","Pearson residuals, whole catch, Central.fixed (max=2.18) (plot 2 of 2) <br> 
Closed bubbles are positive residuals (observed > expected) and open bubbles are negative residuals (observed < expected).","LenComp",2019-07-15 15:26:45,"StartTime: Mon Jul 15 14:40:22 2019"
"comp_lenfit_sampsize_flt2mkt0.png","N-EffN comparison, Length comps, whole catch, Central.fixed","LenComp",2019-07-15 15:26:45,"StartTime: Mon Jul 15 14:40:22 2019"
"comp_lenfit_data_weighting_TA1.8_Central.fixed.png","Mean length for Central.fixed with 95% confidence intervals based on current samples sizes.<br>Francis data weighting method TA1.8: thinner intervals (with capped ends) show result of further adjusting sample sizes based on suggested multiplier (with 95% interval) for len data from Central.fixed:<br>1.0286 (0.5622-3.146) <br><br>For more info, see<br> <blockquote>Francis, R.I.C.C. (2011). Data weighting in statistical fisheries stock assessment models. <i>Can. J. Fish. Aquat. Sci.</i> 68: 1124-1138.  <a href=https://doi.org/10.1139/f2011-025> https://doi.org/10.1139/f2011-025</a> </blockquote>","LenComp",2019-07-15 15:26:45,"StartTime: Mon Jul 15 14:40:22 2019"
"comp_lenfit_flt3mkt0_page1.png","Length comps, whole catch, Central.trawl (plot 1 of 3).<br><br>'N adj.' is the input sample size after data-weighting adjustment. N eff. is the calculated effective sample size used in the McAllister-Iannelli tuning method.","LenComp",2019-07-15 15:26:45,"StartTime: Mon Jul 15 14:40:22 2019"
"comp_lenfit_flt3mkt0_page2.png","Length comps, whole catch, Central.trawl (plot 2 of 3)","LenComp",2019-07-15 15:26:45,"StartTime: Mon Jul 15 14:40:22 2019"
"comp_lenfit_flt3mkt0_page3.png","Length comps, whole catch, Central.trawl (plot 3 of 3)","LenComp",2019-07-15 15:26:45,"StartTime: Mon Jul 15 14:40:22 2019"
"comp_lenfit_residsflt3mkt0_page3.png","Pearson residuals, whole catch, Central.trawl (max=2.05) (plot 3 of 3) <br> 
Closed bubbles are positive residuals (observed > expected) and open bubbles are negative residuals (observed < expected).","LenComp",2019-07-15 15:26:45,"StartTime: Mon Jul 15 14:40:22 2019"
"comp_lenfit_sampsize_flt3mkt0.png","N-EffN comparison, Length comps, whole catch, Central.trawl","LenComp",2019-07-15 15:26:45,"StartTime: Mon Jul 15 14:40:22 2019"
"comp_lenfit_data_weighting_TA1.8_Central.trawl.png","Mean length for Central.trawl with 95% confidence intervals based on current samples sizes.<br>Francis data weighting method TA1.8: thinner intervals (with capped ends) show result of further adjusting sample sizes based on suggested multiplier (with 95% interval) for len data from Central.trawl:<br>0.9553 (0.7007-1.5222) <br><br>For more info, see<br> <blockquote>Francis, R.I.C.C. (2011). Data weighting in statistical fisheries stock assessment models. <i>Can. J. Fish. Aquat. Sci.</i> 68: 1124-1138.  <a href=https://doi.org/10.1139/f2011-025> https://doi.org/10.1139/f2011-025</a> </blockquote>","LenComp",2019-07-15 15:26:45,"StartTime: Mon Jul 15 14:40:22 2019"
"comp_lenfit_flt4mkt0.png","Length comps, whole catch, Triennial.<br><br>'N adj.' is the input sample size after data-weighting adjustment. N eff. is the calculated effective sample size used in the McAllister-Iannelli tuning method.","LenComp",2019-07-15 15:26:45,"StartTime: Mon Jul 15 14:40:22 2019"
"comp_lenfit_residsflt4mkt0.png","Pearson residuals, whole catch, Triennial (max=4.64) <br> 
Closed bubbles are positive residuals (observed > expected) and open bubbles are negative residuals (observed < expected).","LenComp",2019-07-15 15:26:45,"StartTime: Mon Jul 15 14:40:22 2019"
"comp_lenfit_sampsize_flt4mkt0.png","N-EffN comparison, Length comps, whole catch, Triennial","LenComp",2019-07-15 15:26:45,"StartTime: Mon Jul 15 14:40:22 2019"
"comp_lenfit_data_weighting_TA1.8_Triennial.png","Mean length for Triennial with 95% confidence intervals based on current samples sizes.<br>Francis data weighting method TA1.8: thinner intervals (with capped ends) show result of further adjusting sample sizes based on suggested multiplier (with 95% interval) for len data from Triennial:<br>1.0193 (0.7391-339.0589) <br><br>For more info, see<br> <blockquote>Francis, R.I.C.C. (2011). Data weighting in statistical fisheries stock assessment models. <i>Can. J. Fish. Aquat. Sci.</i> 68: 1124-1138.  <a href=https://doi.org/10.1139/f2011-025> https://doi.org/10.1139/f2011-025</a> </blockquote>","LenComp",2019-07-15 15:26:45,"StartTime: Mon Jul 15 14:40:22 2019"
"comp_lenfit_flt6mkt0.png","Length comps, whole catch, NWFSC.combo.<br><br>'N adj.' is the input sample size after data-weighting adjustment. N eff. is the calculated effective sample size used in the McAllister-Iannelli tuning method.","LenComp",2019-07-15 15:26:45,"StartTime: Mon Jul 15 14:40:22 2019"
"comp_lenfit_residsflt6mkt0.png","Pearson residuals, whole catch, NWFSC.combo (max=14.18) <br> 
Closed bubbles are positive residuals (observed > expected) and open bubbles are negative residuals (observed < expected).","LenComp",2019-07-15 15:26:45,"StartTime: Mon Jul 15 14:40:22 2019"
"comp_lenfit_sampsize_flt6mkt0.png","N-EffN comparison, Length comps, whole catch, NWFSC.combo","LenComp",2019-07-15 15:26:45,"StartTime: Mon Jul 15 14:40:22 2019"
"comp_lenfit_data_weighting_TA1.8_NWFSC.combo.png","Mean length for NWFSC.combo with 95% confidence intervals based on current samples sizes.<br>Francis data weighting method TA1.8: thinner intervals (with capped ends) show result of further adjusting sample sizes based on suggested multiplier (with 95% interval) for len data from NWFSC.combo:<br>1.0051 (0.4654-6.1785) <br><br>For more info, see<br> <blockquote>Francis, R.I.C.C. (2011). Data weighting in statistical fisheries stock assessment models. <i>Can. J. Fish. Aquat. Sci.</i> 68: 1124-1138.  <a href=https://doi.org/10.1139/f2011-025> https://doi.org/10.1139/f2011-025</a> </blockquote>","LenComp",2019-07-15 15:26:45,"StartTime: Mon Jul 15 14:40:22 2019"
"comp_lenfit_flt7mkt0_page1.png","Length comps, whole catch, ghost.South (plot 1 of 2).<br><br>'N adj.' is the input sample size after data-weighting adjustment. N eff. is the calculated effective sample size used in the McAllister-Iannelli tuning method.","LenComp",2019-07-15 15:26:45,"StartTime: Mon Jul 15 14:40:22 2019"
"comp_lenfit_flt7mkt0_page2.png","Length comps, whole catch, ghost.South (plot 2 of 2)","LenComp",2019-07-15 15:26:45,"StartTime: Mon Jul 15 14:40:22 2019"
"comp_lenfit_residsflt7mkt0_page2.png","Pearson residuals, whole catch, ghost.South (max=2.07) (plot 2 of 2) <br> 
Closed bubbles are positive residuals (observed > expected) and open bubbles are negative residuals (observed < expected).","LenComp",2019-07-15 15:26:45,"StartTime: Mon Jul 15 14:40:22 2019"
"comp_lenfit_sampsize_flt7mkt0.png","N-EffN comparison, Length comps, whole catch, ghost.South","LenComp",2019-07-15 15:26:45,"StartTime: Mon Jul 15 14:40:22 2019"
"comp_lenfit_data_weighting_TA1.8_ghost.South.png","Mean length for ghost.South with 95% confidence intervals based on current samples sizes.<br>Francis data weighting method TA1.8: thinner intervals (with capped ends) show result of further adjusting sample sizes based on suggested multiplier (with 95% interval) for len data from ghost.South:<br>3.1586 (1.9036-7.7771) <br><br>For more info, see<br> <blockquote>Francis, R.I.C.C. (2011). Data weighting in statistical fisheries stock assessment models. <i>Can. J. Fish. Aquat. Sci.</i> 68: 1124-1138.  <a href=https://doi.org/10.1139/f2011-025> https://doi.org/10.1139/f2011-025</a> </blockquote>","LenComp",2019-07-15 15:26:45,"StartTime: Mon Jul 15 14:40:22 2019"
"comp_lenfit_flt8mkt0_page1.png","Length comps, whole catch, ghost.cenfix (plot 1 of 2).<br><br>'N adj.' is the input sample size after data-weighting adjustment. N eff. is the calculated effective sample size used in the McAllister-Iannelli tuning method.","LenComp",2019-07-15 15:26:45,"StartTime: Mon Jul 15 14:40:22 2019"
"comp_lenfit_flt8mkt0_page2.png","Length comps, whole catch, ghost.cenfix (plot 2 of 2)","LenComp",2019-07-15 15:26:45,"StartTime: Mon Jul 15 14:40:22 2019"
"comp_lenfit_residsflt8mkt0_page2.png","Pearson residuals, whole catch, ghost.cenfix (max=1.32) (plot 2 of 2) <br> 
Closed bubbles are positive residuals (observed > expected) and open bubbles are negative residuals (observed < expected).","LenComp",2019-07-15 15:26:45,"StartTime: Mon Jul 15 14:40:22 2019"
"comp_lenfit_sampsize_flt8mkt0.png","N-EffN comparison, Length comps, whole catch, ghost.cenfix","LenComp",2019-07-15 15:26:45,"StartTime: Mon Jul 15 14:40:22 2019"
"comp_lenfit_data_weighting_TA1.8_ghost.cenfix.png","Mean length for ghost.cenfix with 95% confidence intervals based on current samples sizes.<br>Francis data weighting method TA1.8: thinner intervals (with capped ends) show result of further adjusting sample sizes based on suggested multiplier (with 95% interval) for len data from ghost.cenfix:<br>8.1047 (5.6891-15.1639) <br><br>For more info, see<br> <blockquote>Francis, R.I.C.C. (2011). Data weighting in statistical fisheries stock assessment models. <i>Can. J. Fish. Aquat. Sci.</i> 68: 1124-1138.  <a href=https://doi.org/10.1139/f2011-025> https://doi.org/10.1139/f2011-025</a> </blockquote>","LenComp",2019-07-15 15:26:45,"StartTime: Mon Jul 15 14:40:22 2019"
"comp_lenfit_flt9mkt0_page1.png","Length comps, whole catch, ghost.centrawl (plot 1 of 2).<br><br>'N adj.' is the input sample size after data-weighting adjustment. N eff. is the calculated effective sample size used in the McAllister-Iannelli tuning method.","LenComp",2019-07-15 15:26:45,"StartTime: Mon Jul 15 14:40:22 2019"
"comp_lenfit_flt9mkt0_page2.png","Length comps, whole catch, ghost.centrawl (plot 2 of 2)","LenComp",2019-07-15 15:26:45,"StartTime: Mon Jul 15 14:40:22 2019"
"comp_lenfit_residsflt9mkt0_page2.png","Pearson residuals, whole catch, ghost.centrawl (max=0.61) (plot 2 of 2) <br> 
Closed bubbles are positive residuals (observed > expected) and open bubbles are negative residuals (observed < expected).","LenComp",2019-07-15 15:26:45,"StartTime: Mon Jul 15 14:40:22 2019"
"comp_lenfit_sampsize_flt9mkt0.png","N-EffN comparison, Length comps, whole catch, ghost.centrawl","LenComp",2019-07-15 15:26:45,"StartTime: Mon Jul 15 14:40:22 2019"
"comp_lenfit_data_weighting_TA1.8_ghost.centrawl.png","Mean length for ghost.centrawl with 95% confidence intervals based on current samples sizes.<br>Francis data weighting method TA1.8: thinner intervals (with capped ends) show result of further adjusting sample sizes based on suggested multiplier (with 95% interval) for len data from ghost.centrawl:<br>17.1625 (11.147-32.2673) <br><br>For more info, see<br> <blockquote>Francis, R.I.C.C. (2011). Data weighting in statistical fisheries stock assessment models. <i>Can. J. Fish. Aquat. Sci.</i> 68: 1124-1138.  <a href=https://doi.org/10.1139/f2011-025> https://doi.org/10.1139/f2011-025</a> </blockquote>","LenComp",2019-07-15 15:26:45,"StartTime: Mon Jul 15 14:40:22 2019"
"comp_lenfit__aggregated_across_time.png","Length comps, aggregated across time by fleet.
 <br> Labels 'retained' and 'discard' indicate discarded or retained sampled for each fleet. Panels without this designation represent the whole catch.
","LenComp",2019-07-15 15:26:45,"StartTime: Mon Jul 15 14:40:22 2019"
"comp_lenfit__page1_multi-fleet_comparison.png","Pearson residuals,  comparing across fleets (plot 1 of 2) <br> 
Closed bubbles are positive residuals (observed > expected) and open bubbles are negative residuals (observed < expected).","LenComp",2019-07-15 15:26:45,"StartTime: Mon Jul 15 14:40:22 2019"
"comp_lenfit__page2_multi-fleet_comparison.png","Pearson residuals,  comparing across fleets (plot 2 of 2)","LenComp",2019-07-15 15:26:45,"StartTime: Mon Jul 15 14:40:22 2019"
"comp_condAALfit_residsflt1mkt0.png","Pearson residuals, whole catch, South.fixed (max=62.26)","A@LComp",2019-07-15 15:26:45,"StartTime: Mon Jul 15 14:40:22 2019"
"comp_condAALfit_residsflt2mkt0.png","Pearson residuals, whole catch, Central.fixed (max=5.36)","A@LComp",2019-07-15 15:26:45,"StartTime: Mon Jul 15 14:40:22 2019"
"comp_condAALfit_residsflt3mkt0_page1.png","Pearson residuals, whole catch, Central.trawl (max=24.27) (plot 1 of 3)","A@LComp",2019-07-15 15:26:45,"StartTime: Mon Jul 15 14:40:22 2019"
"comp_condAALfit_residsflt3mkt0_page2.png","Pearson residuals, whole catch, Central.trawl (max=24.27) (plot 1 of 3) (plot 2 of 3)","A@LComp",2019-07-15 15:26:45,"StartTime: Mon Jul 15 14:40:22 2019"
"comp_condAALfit_residsflt3mkt0_page3.png","Pearson residuals, whole catch, Central.trawl (max=24.27) (plot 1 of 3) (plot 2 of 3) (plot 3 of 3)","A@LComp",2019-07-15 15:26:45,"StartTime: Mon Jul 15 14:40:22 2019"
"comp_condAALfit_residsflt6mkt0_page1.png","Pearson residuals, whole catch, NWFSC.combo (max=313.95) (plot 1 of 3)","A@LComp",2019-07-15 15:26:45,"StartTime: Mon Jul 15 14:40:22 2019"
"comp_condAALfit_residsflt6mkt0_page2.png","Pearson residuals, whole catch, NWFSC.combo (max=313.95) (plot 1 of 3) (plot 2 of 3)","A@LComp",2019-07-15 15:26:45,"StartTime: Mon Jul 15 14:40:22 2019"
"comp_condAALfit_residsflt6mkt0_page3.png","Pearson residuals, whole catch, NWFSC.combo (max=313.95) (plot 1 of 3) (plot 2 of 3) (plot 3 of 3)","A@LComp",2019-07-15 15:26:45,"StartTime: Mon Jul 15 14:40:22 2019"
"comp_condAALfit_data_weighting_TA1.8_condAgeSouth.fixed.png","Mean age from conditional data (aggregated across length bins) for South.fixed with 95% confidence intervals  based on current samples sizes.<br>Francis data weighting method TA1.8: thinner intervals (with capped ends) show result of further adjusting sample sizes based on suggested multiplier (with 95% interval) for conditional age-at-length data from South.fixed:<br>0.9779 (0.9779-Inf) <br><br>For more info, see<br> <blockquote>Francis, R.I.C.C. (2011). Data weighting in statistical fisheries stock assessment models. <i>Can. J. Fish. Aquat. Sci.</i> 68: 1124-1138.</blockquote>","A@LComp",2019-07-15 15:26:45,"StartTime: Mon Jul 15 14:40:22 2019"
"comp_condAALfit_Andre_plotsflt1mkt0.png","Conditional AAL plot, whole catch, South.fixed
These plots show mean age and std. dev. in conditional A@L.<br>Left plots are mean A@L by size-class (obs. and pred.) with 90% CIs based on adding 1.64 SE of mean to the data.<br>Right plots in each pair are SE of mean A@L (obs. and pred.) with 90% CIs based on the chi-square distribution.","A@LComp",2019-07-15 15:26:45,"StartTime: Mon Jul 15 14:40:22 2019"
"comp_condAALfit_data_weighting_TA1.8_condAgeCentral.fixed.png","Mean age from conditional data (aggregated across length bins) for Central.fixed with 95% confidence intervals  based on current samples sizes.<br>Francis data weighting method TA1.8: thinner intervals (with capped ends) show result of further adjusting sample sizes based on suggested multiplier (with 95% interval) for conditional age-at-length data from Central.fixed:<br>0.2485 (0.2485-Inf) <br><br>For more info, see<br> <blockquote>Francis, R.I.C.C. (2011). Data weighting in statistical fisheries stock assessment models. <i>Can. J. Fish. Aquat. Sci.</i> 68: 1124-1138.</blockquote>","A@LComp",2019-07-15 15:26:45,"StartTime: Mon Jul 15 14:40:22 2019"
"comp_condAALfit_Andre_plotsflt2mkt0.png","Conditional AAL plot, whole catch, Central.fixed
These plots show mean age and std. dev. in conditional A@L.<br>Left plots are mean A@L by size-class (obs. and pred.) with 90% CIs based on adding 1.64 SE of mean to the data.<br>Right plots in each pair are SE of mean A@L (obs. and pred.) with 90% CIs based on the chi-square distribution.","A@LComp",2019-07-15 15:26:45,"StartTime: Mon Jul 15 14:40:22 2019"
"comp_condAALfit_data_weighting_TA1.8_condAgeCentral.trawl.png","Mean age from conditional data (aggregated across length bins) for Central.trawl with 95% confidence intervals  based on current samples sizes.<br>Francis data weighting method TA1.8: thinner intervals (with capped ends) show result of further adjusting sample sizes based on suggested multiplier (with 95% interval) for conditional age-at-length data from Central.trawl:<br>0.7171 (0.4378-2.4319) <br><br>For more info, see<br> <blockquote>Francis, R.I.C.C. (2011). Data weighting in statistical fisheries stock assessment models. <i>Can. J. Fish. Aquat. Sci.</i> 68: 1124-1138.</blockquote>","A@LComp",2019-07-15 15:26:45,"StartTime: Mon Jul 15 14:40:22 2019"
"comp_condAALfit_Andre_plotsflt3mkt0_page1.png","Conditional AAL plot, whole catch, Central.trawl (plot 1 of 4)
These plots show mean age and std. dev. in conditional A@L.<br>Left plots are mean A@L by size-class (obs. and pred.) with 90% CIs based on adding 1.64 SE of mean to the data.<br>Right plots in each pair are SE of mean A@L (obs. and pred.) with 90% CIs based on the chi-square distribution.","A@LComp",2019-07-15 15:26:45,"StartTime: Mon Jul 15 14:40:22 2019"
"comp_condAALfit_Andre_plotsflt3mkt0_page2.png","Conditional AAL plot, whole catch, Central.trawl (plot 2 of 4)","A@LComp",2019-07-15 15:26:45,"StartTime: Mon Jul 15 14:40:22 2019"
"comp_condAALfit_Andre_plotsflt3mkt0_page3.png","Conditional AAL plot, whole catch, Central.trawl (plot 3 of 4)","A@LComp",2019-07-15 15:26:45,"StartTime: Mon Jul 15 14:40:22 2019"
"comp_condAALfit_Andre_plotsflt3mkt0_page4.png","Conditional AAL plot, whole catch, Central.trawl (plot 4 of 4)","A@LComp",2019-07-15 15:26:45,"StartTime: Mon Jul 15 14:40:22 2019"
"comp_condAALfit_data_weighting_TA1.8_condAgeNWFSC.combo.png","Mean age from conditional data (aggregated across length bins) for NWFSC.combo with 95% confidence intervals  based on current samples sizes.<br>Francis data weighting method TA1.8: thinner intervals (with capped ends) show result of further adjusting sample sizes based on suggested multiplier (with 95% interval) for conditional age-at-length data from NWFSC.combo:<br>0.1618 (0.1128-0.3886) <br><br>For more info, see<br> <blockquote>Francis, R.I.C.C. (2011). Data weighting in statistical fisheries stock assessment models. <i>Can. J. Fish. Aquat. Sci.</i> 68: 1124-1138.</blockquote>","A@LComp",2019-07-15 15:26:45,"StartTime: Mon Jul 15 14:40:22 2019"
"comp_condAALfit_Andre_plotsflt6mkt0_page1.png","Conditional AAL plot, whole catch, NWFSC.combo (plot 1 of 4)
These plots show mean age and std. dev. in conditional A@L.<br>Left plots are mean A@L by size-class (obs. and pred.) with 90% CIs based on adding 1.64 SE of mean to the data.<br>Right plots in each pair are SE of mean A@L (obs. and pred.) with 90% CIs based on the chi-square distribution.","A@LComp",2019-07-15 15:26:45,"StartTime: Mon Jul 15 14:40:22 2019"
"comp_condAALfit_Andre_plotsflt6mkt0_page2.png","Conditional AAL plot, whole catch, NWFSC.combo (plot 2 of 4)","A@LComp",2019-07-15 15:26:45,"StartTime: Mon Jul 15 14:40:22 2019"
"comp_condAALfit_Andre_plotsflt6mkt0_page3.png","Conditional AAL plot, whole catch, NWFSC.combo (plot 3 of 4)","A@LComp",2019-07-15 15:26:45,"StartTime: Mon Jul 15 14:40:22 2019"
"comp_condAALfit_Andre_plotsflt6mkt0_page4.png","Conditional AAL plot, whole catch, NWFSC.combo (plot 4 of 4)","A@LComp",2019-07-15 15:26:45,"StartTime: Mon Jul 15 14:40:22 2019"
"yield1_yield_curve.png","Yield curve","Yield",2019-07-15 15:26:45,"StartTime: Mon Jul 15 14:40:22 2019"
"yield2_Hilborn_surplus_production.png","Surplus production plot. For interpretation, see<br> <blockquote>Walters, Hilborn, and  Christensen, 2008, Surplus production dynamics in declining and recovering fish populations. <i>Can. J. Fish. Aquat. Sci.</i> 65: 2536-2551.</blockquote>","Yield",2019-07-15 15:26:45,"StartTime: Mon Jul 15 14:40:22 2019"
"data_plot.png","Data presence by year for each fleet and data type","Data",2019-07-15 15:26:45,"StartTime: Mon Jul 15 14:40:22 2019"
"data_plot2.png","Data presence by year for each fleet, where circle area is <br>  relative within a data type. Circles are proportional to <br>  total catch for catches; to precision for indices, discards, and <br>  mean body weight observations; and to total sample size for <br> compositions and mean weight- or length-at-age observations. <br> 'Ghost' observations (not included in the likelihood) have <br> equal size for all years. <br> Note that since the circles are are scaled relative <br>  to maximum within each type, the scaling within separate plots <br>  should not be compared.","Data",2019-07-15 15:26:45,"StartTime: Mon Jul 15 14:40:22 2019"
"parameterchecks.html","Table of estimated parameters sorted by parameters with the largest gradients; any parameter with a gradient value with an absolute value above 0.001 (for SS 3.30 models) or a parameter on bounds is colored in red.","DiagnosticTables",2019-07-15 15:26:45,"StartTime: Mon Jul 15 14:40:22 2019"
"correlationcheck.html","Table of estimated parameters with the ten highest correlation rates, sorted by highest correlations; any parameter with an absolute value of correlation above  is colored in red.","DiagnosticTables",2019-07-15 15:26:45,"StartTime: Mon Jul 15 14:40:22 2019"
